<!DOCTYPE frontPage [
	<!ENTITY languageMenu SYSTEM "../Data/languageLabels.inc">
]>

<frontPage lang='spa' xmlns:html="http://www.w3.org/TR/REC-html40"
  idref="z19991208">

  <menu>
    <items>
      <a id="index" target="_top" class="naviBlack" href="../Output_spa/example1.html">Inicio</a>
      <a id="index" target="_top" class="naviBlack" href="../General_spa/examples.html">Indice</a>
    </items>
  </menu>

  <languageMenu>
     &languageMenu;
  </languageMenu>


 <head>
  <author id="nicmila"/>
  <author id="jiratj"/>
  <translator id="suarez"/>
  <title>Tutorial de XPath</title>
 </head>
 <body>

  <section>
   <title>Introducción</title>
   <para>
    La descripción de XPath se encuentra en 
    <html:a href="http://www.w3.org/TR/xpath">XPath 1.0 standard</html:a>. 
    Este tutorial demuestra características seleccionadas de XPath 
    en base a numerosos ejemplos.
</para>
  </section>

<section>
<para>El punto de inicio es :</para>
<list>
<item><html:a href="../Output_spa/example1.html">Ejemplo 1</html:a></item>
</list>

<para>o puede seleccionar un ejemplo particular en el panel de izquierda.</para>
</section>

  <section>
   <title>Otros documentos</title>
   <list>
    <item>
     <html:a href="http://www.zvon.org:9001/saxon/cgi-bin/XLab/XML/xlabIndex.html?stylesheetFile=XSLT/xlabIndex.xslt">XLab</html:a> - interactive XPath experiments
    </item>
    <item>
     <link idref="z19991207">XML tutorial</link>
    </item>
    <item>
     <link idref="z19991203">DTD tutorial</link>
    </item>
    <item>
     <link idref="z20000810d">XML Namespace tutorial</link>
    </item>
    <item>
      <link idref="z20001220">XHTML 1.0 reference</link>
    </item>
    <item>
     <link idref="z20001221">XHTML Basic reference</link>
    </item>
   </list>
  </section>
  <zvonXSLT/>

  <section>
   <title>Créditos</title>
   <list>
    <item>Miloslav Nic - programación y ejemplos</item>
    <item>Jiri Jirat - vista arborescente de los ejemplos</item> 
   </list>
  </section>


  <keywords/>
  <zvon/>
  <downloads/>
 </body>

 <appendix>
  <referrer id="XPath+Tutorial"/>
  <copyright id="systinet" year="2000"/>
  <zvonLink id="zvonLink1"/>
  <licence id="FDL"/>
  <licence id="GPL"/>
  <program id="saxon"/>
  <program id="python"/>
  <program id="batik"/>
 </appendix>

<indexFrame upbarlink="../Output/_upbar.html" file="Output_spa/index.html">
 <links/>
 <frameset cols="250,*">
   <frame name="mainIndex" src="../Output_spa/examples.html"/>
   <frame name="mainWindow" src="../Output_spa/introduction.html"/>
 </frameset>
</indexFrame>


</frontPage>



